title,company,location,link
IT Support (SaaS Specialist),Everglow AI,Pasay City,https://ph.jobstreet.com/job/90803985?type=standard&ref=search-standalone#sol=51421187efe1c4141687853718c61a70855d6445
Information Technology Officer,HANSEI CORPORATION,Quezon City,https://ph.jobstreet.com/job/90815863?type=standard&ref=search-standalone#sol=5c2414dfb35370c3e5bdbb1e6f89ed95e3b50f01
IT Helpdesk Analyst,Compass Offices Services Philippines Limited Inc.,Bonifacio Global City,https://ph.jobstreet.com/job/90818689?type=standard&ref=search-standalone#sol=d228e88023687eb558422d4da8f8e02615af4545
Agent - Service Desk I,Okada Manila,Metro Manila,https://ph.jobstreet.com/job/90812069?type=standard&ref=search-standalone#sol=8ccbfe72af2cb6007cfd765033d08ea3ff43c2b1
IT Service Desk Assistant (Customer Care),Filinvest Business Services Corporation,Alabang,https://ph.jobstreet.com/job/90811593?type=standard&ref=search-standalone#sol=d7e0e41bfd4a83b1549f0544e7b83bcbce27f304
System Administrator - Infrastructure & Security,Expand Force IT Solutions Inc.,Pasig City,https://ph.jobstreet.com/job/90444656?type=standard&ref=search-standalone#sol=0116b1ad7e201e6831717125f0d20b26f91a222a
IT Systems & Operations Lead,"Shadow Office Solutions, Inc.",Kawit,https://ph.jobstreet.com/job/90801892?type=standard&ref=search-standalone#sol=7a80bd81d86e55027d429aa0396e99681eb6619e
IT STAFF-DAVAO BRANCH,Sheridan Group,Davao City,https://ph.jobstreet.com/job/90814907?type=standard&ref=search-standalone#sol=304e32c5f390bb20bf5f37c122423024fbb7a62d
IT Support Specialist,"Rayomar Management, Inc.",Makati City,https://ph.jobstreet.com/job/90806846?type=standard&ref=search-standalone#sol=828e4ec23ae2d588b070ebd1f83ddb7155bf395b
IT Systems Engineer – Microsoft Focus,Evocate Philippines Corp.,Metro Manila,https://ph.jobstreet.com/job/90359637?type=standard&ref=search-standalone#sol=187d85a4054d1b902a64ce6378d3ea2207d6fe8b
IT Team Manager,Expand Force IT Solutions Inc.,Taytay,https://ph.jobstreet.com/job/90420761?type=standard&ref=search-standalone#sol=7dd19e1ea778ec134058e8451d5fc0a4ef0638cd
Data Analyst,Exeltis International Philippines Inc.,Makati City,https://ph.jobstreet.com/job/90810416?type=standard&ref=search-standalone#sol=d917c1c35c5a49cd983d26c32d63f6df3001184c
Technical Customer Support Coordinator (Manila),REED ELSEVIER SHARED SERVICES (PHILIPPINES) INC.,Quezon City,https://ph.jobstreet.com/job/90808190?type=standard&ref=search-standalone#sol=cfce434746a0216119070123dd56fa58f479cce0
I.T. ASSISTANT,COPYLANDIA OFFICE SYSTEMS CORPORATION,Mandaluyong City,https://ph.jobstreet.com/job/90512242?type=standard&ref=search-standalone#sol=10d99033805436991b49d1aa7b45253a2134a373
System Support Specialist (Live Chat) | Hybrid | Weekends Off | Up to PHP38K,Emapta,Makati City,https://ph.jobstreet.com/job/90814655?type=standard&ref=search-standalone#sol=7a39a3fa0a9b3de3b7b056cfc424f13468b9efee
Fleet Technical Support Assistant,"Unioil Petroleum Philippines, Inc.",Pasig City,https://ph.jobstreet.com/job/90806969?type=standard&ref=search-standalone#sol=ddb3c84c438e2ea28aae30325ff47d4cb77dbb3b
IT ASSET SUPPORT ASSOCIATE,"Trends Group, Inc.",Makati City,https://ph.jobstreet.com/job/90813986?type=standard&ref=search-standalone#sol=98724a6422b448bcb14202233440cc4b6fea7942
IT Presales Engineer,AirNav Technology Services Incorporated,Iloilo City,https://ph.jobstreet.com/job/90802795?type=standard&ref=search-standalone#sol=e43701ecac04b14686b52af38277dd6b47ede3f6
Customer Service Helpdesk Coordinator | WFH | Day Shift,Ategra Pty Ltd,Cebu,https://ph.jobstreet.com/job/90463484?type=standard&ref=search-standalone#sol=6e1abe20bffa835d308d88f5eddcd3514be1d863
System Engineer (Hybrid),Broadridge Connectivity Solutions Philippines Inc.,Makati City,https://ph.jobstreet.com/job/90800530?type=standard&ref=search-standalone#sol=aa7b4a4a6c15a6b87516390ec028ae0ff930ac5f
"IT Assistant | Calamba City, Laguna","Alfamart Trading Philippines, Inc.",Calamba City,https://ph.jobstreet.com/job/90800930?type=standard&ref=search-standalone#sol=74e3003d76d45545db875bc28370ecf8aa6988dc
IT Associate,FERSAL HOTEL GROUP,Quezon City,https://ph.jobstreet.com/job/90806186?type=standard&ref=search-standalone#sol=78806d1a528c59b1a16c5c651e2f7e3619cf8e27
IT Officer,Newcore Industries International Inc,Makati City,https://ph.jobstreet.com/job/90801399?type=standard&ref=search-standalone#sol=33a38df49264c2e60cde7b77dd72deb8dbfc395d
Network Engineer,"Phil-Data Business Systems, Inc.",Calamba City,https://ph.jobstreet.com/job/90800141?type=standard&ref=search-standalone#sol=dc766e53b8e80f182b0bbeb14a38697f3a6b609a
IT Engineer (Want to go to Japan),Be UNIQUE Inc.,Makati City,https://ph.jobstreet.com/job/90254482?type=standard&ref=search-standalone#sol=6745f0c91f60f4e24604674f5c91ea1e9647f333
Billing Support Associate,Cursor,Metro Manila,https://ph.jobstreet.com/job/90260168?type=standard&ref=search-standalone#sol=b4dd3e6fa0306698861645c8a6c2ff9353baf73d
Career in Technology (Entry Level),Accenture,Metro Manila,https://ph.jobstreet.com/job/90471920?type=standard&ref=search-standalone#sol=d2cb9e2670823ff84bd25607c28053685edaaf05
Jr. IT Specialist,Ark One Solutions Inc.,Santa Rosa City,https://ph.jobstreet.com/job/90815481?type=standard&ref=search-standalone#sol=8b0f3d04f88a17e5ea2ba9eb587f15dfc308b70e
IT Specialist,"HI-Eisai Pharmaceutical, Inc.",Makati City,https://ph.jobstreet.com/job/90801412?type=standard&ref=search-standalone#sol=6fb63b77f8dfa686df42f8069cf0ba75bbe79026
IT Intern I With Allowance I Onsite - Makati,KMC Solutions,Makati City,https://ph.jobstreet.com/job/90807567?type=standard&ref=search-standalone#sol=0011727877d2783d731432f979c1b2680845c5a4
IT Staff,QStitch Inc.,Santa Rosa City,https://ph.jobstreet.com/job/90806813?type=standard&ref=search-standalone#sol=5d9427922a6f17bb8f3d98d07f6b5366e84db61c
IT Operations Lead,"Concepcion Business Services, Inc.",Muntinlupa City,https://ph.jobstreet.com/job/90815002?type=standard&ref=search-standalone#sol=ab7102062c7ad4850aaa7ea321a47a28e48bd003
Data Encoder/Data Processor | Permanent WFH | Day Shift | Day 1 HMO,Emapta,Metro Manila,https://ph.jobstreet.com/job/90393122?type=standard&ref=search-standalone#sol=ff167900bc1c31ca96a850db028bf215eaf28c7d
Data Operations Specialist,NESTLE BUSINESS SERVICES AOA INC,Makati City,https://ph.jobstreet.com/job/90781360?type=standard&ref=search-standalone#sol=2e02ad5fe7a9e62c7c77cc971df2a6f63dc41f74
IT Asset Operations Intern (With allowance) I Onsite - BGC,KMC Solutions,Taguig City,https://ph.jobstreet.com/job/90808018?type=standard&ref=search-standalone#sol=c1534e635d1362f2dca6728e455d1a18e7a86910
IT Specialist,"Eva Care Management Consultancy, Inc",Makati City,https://ph.jobstreet.com/job/90341218?type=standard&ref=search-standalone#sol=68eeb51dc4307f223ed4c2872835a94c529d2915
IT PMO Specialist,DITO Telecommunity Corporation,Bonifacio Global City,https://ph.jobstreet.com/job/90790715?type=standard&ref=search-standalone#sol=948b786be4650f297d94c1154ea194fdd764de0e
Citrix Administrator | Work From Home | Night Shift | Day 1 HMO | Weekends Off,Emapta,Makati City,https://ph.jobstreet.com/job/90802633?type=standard&ref=search-standalone#sol=e37c43d1fd5974d945978cbebd57d8161a90d6f7
IT Analyst – Business Intelligence,PUMA Sports Philippines Inc.,Metro Manila,https://ph.jobstreet.com/job/90802066?type=standard&ref=search-standalone#sol=93862422afc14773e0f870409248f6d0dcb8f1ec
Software Developer (Remote),Savant Degrees Pte Ltd,Manila City,https://ph.jobstreet.com/job/90808012?type=standard&ref=search-standalone#sol=59a6229ab918d4a2e35bc6d3a794f6a484e7734f
IT Business Analyst,H2 Software Consulting Services Inc.,Metro Manila,https://ph.jobstreet.com/job/90806088?type=standard&ref=search-standalone#sol=7ea8f9dc238e3749e1c3291b62d4f50c8569b506
Platform Engineer [FRESH GRAD - START ASAP],Private Advertiser,San Juan City,https://ph.jobstreet.com/job/90814136?type=standard&ref=search-standalone#sol=df26e7452eb1bdf0e737162a596c0bcb8f14054a
Graduate Program - Philippines (Remote),Cobden & Carter International,Manila City,https://ph.jobstreet.com/job/90800326?type=standard&ref=search-standalone#sol=3124c6c9b6728bb6acf8734ba7abd9aec007037c
"Manager, IT Special Projects | Full-time, Onsite","Watsons Personal Care Stores (Philippines), Inc.",Pasay City,https://ph.jobstreet.com/job/90802695?type=standard&ref=search-standalone#sol=8b40513ed2e0d9af4168e2092baf670f4cd5d216
IT Support Specialist,SUMO Services Corporation,Cubao,https://ph.jobstreet.com/job/90244512?type=standard&ref=search-standalone#sol=77a7eaeeb4eddc7234ce2fd10f6305418982ef62
Network Monitoring Specialist,DITO Telecommunity Corporation,Taguig City,https://ph.jobstreet.com/job/90790691?type=standard&ref=search-standalone#sol=48924a86130b2c08e9c1e15bc1c153b146ca1e56
IT Service Desk L1 - Can Start ASAP,Wipro Philippines Inc.,Quezon City,https://ph.jobstreet.com/job/90561931?type=standard&ref=search-standalone#sol=599efd5a73a7953de6ac91cec76d875ff2d7942f
Service Desk Coordinator,Private Advertiser,Metro Manila,https://ph.jobstreet.com/job/90732695?type=standard&ref=search-standalone#sol=21cea55dff0bd60691d080a714b417a0ce27f36e
C# / ASP.Net Developer,H2 Software Consulting Services Inc.,Metro Manila,https://ph.jobstreet.com/job/90805996?type=standard&ref=search-standalone#sol=7b455d5946c1ec35ba62b0aa49e521316607bc6b
IT Security Analyst (Graveyard),Global Administrators Inc.,Ortigas,https://ph.jobstreet.com/job/90740090?type=standard&ref=search-standalone#sol=99999630360685216ab6cd4d9dc6647d46b48f56
IT and Admin Specialist,MOL Enterprise (Philippines) Inc,Makati City,https://ph.jobstreet.com/job/90762716?type=standard&ref=search-standalone#sol=f09c47e120d54b65b21c506dee4e4541b08ef926
IT / CCTV SPECIALIST,Siccion Holdings Inc.,San Fernando,https://ph.jobstreet.com/job/90815724?type=standard&ref=search-standalone#sol=8c754330f74393549c678d1b24f5bf254446bdfb
Technical Associate  (Fresh Graduate - IT) (for Pooling),Sun Life Global Solutions – Philippines,Bonifacio Global City,https://ph.jobstreet.com/job/90567465?type=standard&ref=search-standalone#sol=219ee3f9570728f7f17eecb09cfbaa5e1ac9f62d
End User Compute Operations Engineer,Willis Towers Watson,Santa Ana,https://ph.jobstreet.com/job/90819469?type=standard&ref=search-standalone#sol=60b63d7b683264ef18916080b2e8a97dbb611f12
IT Engineer - MNL,Odfjell Technology Corp.,Makati City,https://ph.jobstreet.com/job/90704007?type=standard&ref=search-standalone#sol=860ce632f17a27bd5ffa840d38c96819fc3f21e0
Technical Support Staff,"Puregold Price Club, Inc.",Manila City,https://ph.jobstreet.com/job/90801629?type=standard&ref=search-standalone#sol=68f09f821ea5979d6bbdc3ad8a846e7bac2b6cec
Admin Coordinator I Work from Office,Cloudstaff Philippines Inc.,Angeles City,https://ph.jobstreet.com/job/90806801?type=standard&ref=search-standalone#sol=1f3cef50ac08855c81765b76ac6cbe1c49727599
L2 Service Desk Analyst | 100% Onsite in,HCL Technologies Philippines Inc,Taguig City,https://ph.jobstreet.com/job/90807540?type=standard&ref=search-standalone#sol=86d8872fac4563de3b78b60bc8bf0b1e75f65df9
IT Support,Mindbridge Resources Corporation,Ortigas,https://ph.jobstreet.com/job/90740161?type=standard&ref=search-standalone#sol=d3806e2164ed666c048732cb49d517e9b5dc37ff
System Monitoring Engineer,"CHAMP Cargosystems Philippines, Inc.",Taguig City,https://ph.jobstreet.com/job/90811451?type=standard&ref=search-standalone#sol=e78e212293ceeee2d2e87a07041f9105efba6f1a
"Specialist, IT Service Centre",Melco Resorts & Entertainment Limited,Manila City,https://ph.jobstreet.com/job/90819535?type=standard&ref=search-standalone#sol=86d062ac56daa91c4d690c094c318720d3adcd65
IT Specialist,New Datche Phils. Traders Corp.,Cebu City,https://ph.jobstreet.com/job/90803081?type=standard&ref=search-standalone#sol=a098671a80c463585acb22e62a3fac535119a72f
IT BUSINESS ANALYST,New Personnel Builders and Consultancy Services Inc.,Taguig City,https://ph.jobstreet.com/job/90802446?type=standard&ref=search-standalone#sol=ab136315bb5f261ce4ee5793c295c8f1105c44a2
IT Service Desk Associate,Kinettix Inc. (Philippines),Ortigas,https://ph.jobstreet.com/job/90756788?type=standard&ref=search-standalone#sol=14fd5771fca97845ad2f9ab3d229696268ccbd90
IT OPERATIONS ASSISTANTS (Head Office),"SM APPLIANCE (STAR APPLIANCE CENTER, INC.)",Pasay City,https://ph.jobstreet.com/job/90762886?type=standard&ref=search-standalone#sol=86bf2cb5aa9cd088c4f21b189f7acff8f890f4e4
QA Tester | Morning Shift | Fixed Term | WFH,Platserv PH,Muntinlupa City,https://ph.jobstreet.com/job/90486730?type=standard&ref=search-standalone#sol=14055d16213124665f88b2c30d82880ab58ad7a7
Data Analyst (Project-based),Global Administrators Inc.,Ortigas,https://ph.jobstreet.com/job/90772576?type=standard&ref=search-standalone#sol=cb6abfff8e06e6527da9747f634c343f4aee671f
Product Support Associate,AltPayNet Corp.,Makati City,https://ph.jobstreet.com/job/90811809?type=standard&ref=search-standalone#sol=6ec8a452284a0102ca353415ece4ee12d0e44eec
Hardware & IT Network Specialist,E-Med Healthcare Solutions Inc.,Caloocan City,https://ph.jobstreet.com/job/89956487?type=standard&ref=search-standalone#sol=24ff0de27df2cbbb7b1cc0640efa0b351609f9eb
Software Quality Engineer,"Deltek Systems (Philippines), Ltd.",Makati City,https://ph.jobstreet.com/job/90324003?type=standard&ref=search-standalone#sol=5da872b0eff003c0ba2c37bec2ecfa4bc6b455a5
"IT OFFICER (Bagac, Bataan)",La Jolla Luxury Beach Resort,Bataan,https://ph.jobstreet.com/job/90816871?type=standard&ref=search-standalone#sol=5dc28f062435cf3b44684faa418acb7c5f46fcaa
Support Technician (IT Support) | MSP Experience | Hybrid Work Set-Up,"First Focus Information Technology, Inc.",Metro Manila,https://ph.jobstreet.com/job/90508658?type=standard&ref=search-standalone#sol=355a17aafadd9b30c5f3fa304d38fe693905068d
URGENT! IT Support Desk Technician (with Cybersecurity Focus) | EASTWOOD,Acquire Intelligence,Eastwood,https://ph.jobstreet.com/job/90674185?type=standard&ref=search-standalone#sol=583ae359f0a718211cd9ad4861c467e7c97b72d8
Admin Engineer (Fresh Graduate),"Manpower Outsourcing Services, Inc.",Las Pinas City,https://ph.jobstreet.com/job/90817084?type=standard&ref=search-standalone#sol=7c2d8bbb1f157eb7fa71485319bf4b0242bf934f
Data Support Engineer (ETL) - WFH,Yngen Datacom Corp.,Manila City,https://ph.jobstreet.com/job/90695039?type=standard&ref=search-standalone#sol=889dbca0a373ff2e3f63f1f698940be3b5397c78
Software Application Support Consultant | Onsite | Weekends Off | Up to PHP60K,Emapta,Mandaluyong City,https://ph.jobstreet.com/job/90817314?type=standard&ref=search-standalone#sol=26aa60414e03d7ebb70ebee8e3bc0acfbaf3b3d1
Technical Support Engineer | SaaS | Fully Remote + Night Shift,Exypnox Inc,Taguig City,https://ph.jobstreet.com/job/90531184?type=standard&ref=search-standalone#sol=f490f8a3a29720c03479f75fa4bf66c7b23dde5d
IT Support Engineer,WOLFE SYSTEMS IT,Manila City,https://ph.jobstreet.com/job/90772956?type=standard&ref=search-standalone#sol=bd6ba61f5856801be0affd67fee46525ac3e6326
Non-Voice | Entry Level Role,Accenture,Metro Manila,https://ph.jobstreet.com/job/90773177?type=standard&ref=search-standalone#sol=d6737488a1acfb7988a879e1d22f339734e04c06
IT Systems Specialist | Onsite - ATC l Shifting Schedule,Foundever®,Alabang,https://ph.jobstreet.com/job/90304467?type=standard&ref=search-standalone#sol=2fe0bd05476322e8aff28cfcc00dd5b922592d8a
IT Programmer (Calamba Laguna),Pioneer Adhesives Inc. (formerly Republic Chemical Industries Inc.),Calamba City,https://ph.jobstreet.com/job/90803104?type=standard&ref=search-standalone#sol=b413a8ca14745a40f57d892e20b0da2f6773a8da
IT Data Analyst,OutForce Inc.,Pasig City,https://ph.jobstreet.com/job/90807954?type=standard&ref=search-standalone#sol=16ede8ec1ef8022b5bf36b819213c074532fe544
D&T Help Desk Analyst,"CBRE GWS BUSINESS SUPPORT SERVICES PHILIPPINES, INC.",Makati City,https://ph.jobstreet.com/job/90654741?type=standard&ref=search-standalone#sol=6a2fef9b729c692cfc58bbc84c4e5cc3435ccefb
Technical Support Engineer II,Transnational Diversified Group,Taguig City,https://ph.jobstreet.com/job/90257363?type=standard&ref=search-standalone#sol=6cc775a95edb5260a9051cfdae331afdbbe4f4d7
Service Desk Analyst L2 (Experience with IT and Technical Support can Apply),HCL Technologies Philippines Inc,Taguig City,https://ph.jobstreet.com/job/90779452?type=standard&ref=search-standalone#sol=067861f10a5fd35a22e562b63b535021501b12c5
Associate Software/Systems Engineer (Information Systems),DENSO TEN Solutions Philippines Corporation,Santa Rosa City,https://ph.jobstreet.com/job/90243842?type=standard&ref=search-standalone#sol=c91abac347aa595a9acc76c03f66622118b8ce4b
Specialist IT (ITSD - Entry Level) | Good Comms Skills Needed! Offers WFH!,Foundever®,Mandaluyong City,https://ph.jobstreet.com/job/90445450?type=standard&ref=search-standalone#sol=3abef053b5635c891845dec0595e372f9cd1381b
QA Analyst,Private Advertiser,Metro Manila,https://ph.jobstreet.com/job/90819550?type=standard&ref=search-standalone#sol=34787f08ef89fad966c80ff0977825da82dc3cee
IT Support Analyst,6clicks Pty Ltd,Manila City,https://ph.jobstreet.com/job/90423791?type=standard&ref=search-standalone#sol=dcf25182181957e7fa7805b70656a0aebfcaea45
Project Manager – Digital Mapping & Interactive Platforms | Work from Home,Cloudstaff Philippines Inc.,Ortigas,https://ph.jobstreet.com/job/90803613?type=standard&ref=search-standalone#sol=8bc36085df9d4bec68c1276e81f7ff64bdf077e1
IT Officer,Private Advertiser,Calatagan,https://ph.jobstreet.com/job/90765834?type=standard&ref=search-standalone#sol=4e80baa25852f30fdfbe1515cfebccacb08d20d3
IT Asset Management Assistant,SAN MIGUEL GLOBAL POWER HOLDINGS CORP.,Pasig City,https://ph.jobstreet.com/job/90521401?type=standard&ref=search-standalone#sol=b20a8dafe860f1d8f8a5048d11f4ffa58e025be6
I.T. & Systems Support Specialist l ONSITE-BGC l Early Day Shift,HOT Business Solutions Inc.,Bonifacio Global City,https://ph.jobstreet.com/job/90639234?type=standard&ref=search-standalone#sol=7ad60f0dcd38300428af1fbc4f1406a206b66203
IT Assistant | Mexico Pampanga,"Alfamart Trading Philippines, Inc.",Mexico,https://ph.jobstreet.com/job/90800878?type=standard&ref=search-standalone#sol=6683ed534ad880f35f2a56c231a93c95199d40c0
IT Support /IT Services /Help Desk / Operations/Desk side  Specialist,"Brocent Cloud Service Co., Limited",Makati City,https://ph.jobstreet.com/job/90569624?type=standard&ref=search-standalone#sol=26a508cc1e1f9e5bb37104938625674044103f44
IT Help Desk Team Lead | Work From Home,Kaesim Cybersecurity,Manila City,https://ph.jobstreet.com/job/90579116?type=standard&ref=search-standalone#sol=a8f410f144e1634de53e6c3592b9bc64ff717fff
